日期,時間,Task,類型,檔案,動作,說明,作者,是否影響 API,是否影響 Database,是否影響 UI,是否需要 Migration,備註
2026-08-31,14:48,REGISTRATION-LOGIN-11,Git,Task11功能與三份Log,提交紀錄,功能提交0829f5d；Log同步提交後一併推送Task分支,Codex,否,否,否,否,feature/phase4.5-password-reset → feature/phase4.5；Draft PR送審，不自動合併
2026-08-31,14:40,REGISTRATION-LOGIN-11,Backend,PasswordReset controller/service/worker與session,新增與修改,通用202受理與可靠寄信；15分鐘單次Token只存hash；成功撤銷全部Session,Codex,是,是,否,是,採方案1；不回傳reset Token；失敗重試與無PII告警
2026-08-31,14:40,REGISTRATION-LOGIN-11,Database,V9__formalize_password_reset.sql,新增,token_hash上限64；新增revoked_at與active查詢索引,Codex,否,是,否,是,沿用既有表；舊Migration不改寫；Registration升級斷言由V8校正為V9
2026-08-31,14:40,REGISTRATION-LOGIN-11,API,API_SPEC與registration-login.yaml,新增與修改,新增password-reset-requests與password-resets兩組v1契約,Codex,是,否,否,否,舊路徑暫留安全deprecated別名，Task18驗收後移除
2026-08-31,14:40,REGISTRATION-LOGIN-11,Frontend,PasswordReset頁面/provider/repository/router,新增與修改,完成申請、受理、Token失效與成功頁；修正鍵盤避讓及舊回應隔離,Codex,是,否,是,否,390至1920 RWD；矮視窗收合；NFC長度交Backend判定；換Token清空舊狀態
2026-08-31,14:40,REGISTRATION-LOGIN-11,Penpot,WEB與APP主畫板及Password Reset狀態,新增與整理,新增Web/Mobile共16狀態；35主畫板分區且無重疊；466元件位置尺寸不變,Codex,否,否,是,否,180個descendant containment通過；Chrome截圖已檢視；未刪舊畫板及素材
2026-08-31,14:40,REGISTRATION-LOGIN-11,Test,Backend與Flutter測試及建置,驗證,Backend單元324通過4跳過；MySQL42通過；Flutter236通過且Analyze無問題,Codex,是,是,是,是,Web release與Android debug成功；本機Flutter3.44.6；CI3.29.2待PR觸發
2026-08-31,14:40,REGISTRATION-LOGIN-11,Cleanup,PASSWORD_RESET_LEGACY_CLEANUP與舊DTO,刪除與文件化,移除raw Token response、舊AuthService方法及3個DTO；列出後續刪除條件,Codex,是,否,是,否,system_data與其他legacy登入流程未刪除；可由Git取回本次移除檔案
2026-08-31,14:40,REGISTRATION-LOGIN-11,Documentation,Task與Project/API/Database/UI/README/DECISIONS,同步,Task10依PR101合併證據標DONE；Task11由IN PROGRESS轉REVIEW,Codex,是,是,是,是,待提交Draft PR/CI/使用者Review與合併；不宣告DONE
2026-08-31,14:40,REGISTRATION-LOGIN-11,Log,CHANGE_LOG與CHANGE_HISTORY,保存期限清理,保留2026-07-31起紀錄；移除20段Markdown及124筆CSV過期紀錄,Codex,否,否,否,否,XLSX無過期列；保留既有表格樣式；已刪Log可由Git歷史取回
2026-08-21,11:54,REGISTRATION-LOGIN-10,Backend,GoogleAccount controller/service與session reauth,新增與修改,建立provider與sub精確Google登入及既有會員明確連結,Codex,是,是,否,是,同Email未連結只回需連結狀態且不核發Session
2026-08-21,11:54,REGISTRATION-LOGIN-10,Database,V8__add_google_account_linking.sql,新增,加入LOGIN_METHOD_LINK用途與LOGIN_METHOD_LINKED安全事件,Codex,否,是,否,是,只擴充約束且舊Migration維持不可變
2026-08-21,11:54,REGISTRATION-LOGIN-10,API,registration-login.yaml與API_SPEC,新增與修改,新增Google登入與明確連結兩組v1契約,Codex,是,否,否,否,Token Email與驗證細節不進Log Audit或Outbox
2026-08-21,11:54,REGISTRATION-LOGIN-10,Frontend,GoogleAccountLink page與Auth repository provider route,新增與修改,完成既有帳號登入重新驗證確認成功衝突與取消流程,Codex,是,否,是,否,Web使用Google官方按鈕且App重新取得ID Token
2026-08-21,11:54,REGISTRATION-LOGIN-10,Design,Penpot Account Web與Mobile Google Link 13至17,新增與驗證,建立需連結重新驗證確認成功與衝突十個畫板,Codex,否,否,是,否,十個畫板containment全部通過
2026-08-21,11:54,REGISTRATION-LOGIN-10,Test,Backend Flutter與OpenAPI測試,新增與驗證,驗證禁止自動合併用途隔離Session處理衝突取消與RWD,Codex,是,是,是,是,Backend 321與MySQL 39；Flutter 209 Analyze Web Android及PR101四項CI通過
2026-08-21,11:54,REGISTRATION-LOGIN-10,Documentation,正式規格Task與三種Log,修改,同步方案1 API Database UI Penpot決策與Task10 REVIEW,Codex,是,是,是,是,Draft PR101四項CI全綠；已清除過期Markdown與CSV且XLSX無過期列
2026-08-16,09:19,REGISTRATION-LOGIN-09,Backend,DeviceSession controllers/service/security,新增與修改,建立安全裝置清單五分鐘密碼reauth及目前單一其他全部Session撤銷,Codex,是,是,否,是,owner與sid強制界定且不接受Refresh值
2026-08-16,09:19,REGISTRATION-LOGIN-09,Database,V6與V7 Flyway migrations,新增,加入白名單裝置摘要只存hash的SESSION_MANAGEMENT reauth credential與安全事件,Codex,否,是,否,是,空庫及V2升級至V7測試通過
2026-08-16,09:19,REGISTRATION-LOGIN-09,API,registration-login.yaml與API_SPEC,新增與修改,新增裝置清單reauth目前單一其他全部撤銷六組v1契約,Codex,是,否,否,否,CORS允許平台與reauth header且Web沿用Origin CSRF Cookie防護
2026-08-16,09:19,REGISTRATION-LOGIN-09,Frontend,SessionManagement page provider repository與route,新增與修改,建立每頁三筆無主畫面捲動裝置管理密碼彈窗及個人資料入口,Codex,是,否,是,否,390 600 1199 1200 1440寬度無overflow
2026-08-16,09:19,REGISTRATION-LOGIN-09,Design,Penpot Session Management Web與Mobile,新增與驗證,建立Web Mobile預設與reauth四畫板並通過containment,Codex,否,否,是,否,主畫面無scrollbar且必要捲動只允許彈窗內
2026-08-16,09:19,REGISTRATION-LOGIN-09,Test,Backend與Flutter測試及Build,新增與驗證,TDD驗證owner撤銷Access Refresh冪等Cookie及五寬度UI與無Refresh請求,Codex,是,是,是,是,Backend316 unit與38 MySQL Flutter200 Analyze Web release Android APK通過
2026-08-16,09:19,REGISTRATION-LOGIN-09,Documentation,正式規格Task與三種Log,修改,同步方案1 API Database UI Penpot決策與Task09 REVIEW,Codex,是,是,是,是,Draft PR100已建立；截止2026-07-16無過期Log且system_data唯讀
2026-08-16,07:43,REGISTRATION-LOGIN-08-CROSS-SITE,Backend,WebSessionCookieService與AuthMemberHttpIntegrationTest,修改,將Web Refresh Cookie改為SameSite None Secure支援Pages至Railway跨站HTTPS,Codex,是,否,否,否,仍強制可信Origin CORS與CSRF custom header
2026-08-16,07:43,REGISTRATION-LOGIN-08-CROSS-SITE,Test,frontend/test/core/network/api_client_test.dart,修改,明確驗證每個401原Request換發後最多重試一次,Codex,否,否,否,否,PR99 Backend MySQL Flutter加Android及OpenAPI四項CI全綠
2026-08-16,07:43,REGISTRATION-LOGIN-08-CROSS-SITE,Git,feature/phase4.5-secure-session-store,同步,快轉至已含PR97與PR98的最新feature phase4.5並保留遠端成果,Codex,否,否,是,否,未以舊基底覆蓋真實整合測試Android設定或UI展示頁
2026-08-16,07:43,REGISTRATION-LOGIN-08-CROSS-SITE,Documentation,README docs Task與Log,修改,同步跨站Cookie決策Task08 DONE及一個月Log保存期限,Codex,是,否,否,否,刪除39個Markdown區段與479筆CSV且XLSX無過期資料
2026-08-10,10:16,UI-SHOWCASE-HTML,Frontend,docs/ui-showcase/index.html,新增與驗證,建立純HTML已完成畫面展示並內嵌Mobile Tablet Desktop RWD與頁面錨點連結,Codex,否,否,是,否,無API JavaScript邏輯判斷動畫或真實會員資料；120個連結均有效
2026-08-10,10:16,UI-SHOWCASE-HTML,Documentation,docs/UI_SPEC.md、docs/TASKS.md與log三種歷史紀錄,修改,同步靜態展示範圍RWD限制驗證證據與一個月Log保存期限檢查,Codex,否,否,是,否,截止2026-07-10無過期紀錄；未修改system_data
2026-08-10,09:40,REGISTRATION-LOGIN-08-REVIEW,CI,.github/workflows/registration-login-ci.yml與frontend/android/app/build.gradle.kts,修改與驗證,加入Flutter 3.29.2 Android APK Build並依Plugin需求調整Android平台門檻,Codex,否,否,否,否,PR #97四項CI全綠；最低API24 compileSdk36 NDK27且本機APK通過
2026-08-10,09:40,REGISTRATION-LOGIN-08-REVIEW,Documentation,docs規格Task與log三種歷史紀錄,修改,同步方案A平台決策PR與CI證據並執行一個月Log保存期限清理,Codex,否,否,是,否,移除7月10日前22個Markdown區段與278筆CSV；Task08維持REVIEW
2026-08-03,16:57,REGISTRATION-LOGIN-08,Backend,WebSessionCookieService與Auth Controllers,新增與修改,建立Web Cookie transport並驗證可信Origin與CSRF proof,Codex,是,否,否,否,Web response不暴露Refresh且無效401清除Cookie
2026-08-03,16:57,REGISTRATION-LOGIN-08,Frontend,auth_session_store與auth_repository及Splash,新增與修改,建立Web Android iOS Credential Store及安全恢復失敗流程,Codex,是,否,是,否,Access只存記憶體且SharedPreferences不存LoginResult
2026-08-03,16:57,REGISTRATION-LOGIN-08,Dependency,frontend pubspec與Android設定,修改,加入flutter_secure_storage 10.3.1並設定Android API23與停用備份,Codex,否,否,否,否,iOS Keychain不同步且不可跨裝置遷移
2026-08-03,16:57,REGISTRATION-LOGIN-08,Test,backend與frontend測試,新增與修改,TDD驗證Cookie CSRF三平台Store single flight與暫時錯誤,Codex,是,否,是,否,Backend316與MySQL36 Flutter190項及Analyze通過
2026-08-03,16:57,REGISTRATION-LOGIN-08,Build,Flutter Web與Android,驗證,完成Web release與Android debug APK build,Codex,否,否,是,否,Android損壞增量cache清理後以非增量fallback成功
2026-08-03,16:57,REGISTRATION-LOGIN-08,Documentation,README規格OpenAPI與Task,修改,同步三平台Session契約設定決策並將Task08轉REVIEW,Codex,是,否,是,否,Database無異動且Task07依PR96證據轉DONE
2026-08-03,16:57,REGISTRATION-LOGIN-08,Documentation,log CHANGE_LOG與CHANGE_HISTORY,修改,新增Task08工作報告並清除一個月前Log,Codex,否,否,否,否,移除Jul1至Jul2共13區段與99筆CSV紀錄並正規化41筆舊9欄紀錄
2026-08-01,20:31,REGISTRATION-LOGIN-07,Backend,backend/src/main/java/com/monsters/service/session與security/session,新增與修改,建立每次登入獨立Opaque Refresh Session Family及10秒相同結果輪替,Codex,是,是,否,是,Credential只保存SHA-256且後續值以獨立HMAC Secret推導
2026-08-01,20:31,REGISTRATION-LOGIN-07,Security,JwtTokenService與JwtAuthenticationFilter,修改,核發10分鐘最小claims Access JWT並以sid即時檢查Session,Codex,是,是,否,否,JWT不含Email且reuse撤銷後舊Access立即失效
2026-08-01,20:31,REGISTRATION-LOGIN-07,Database,backend/src/main/resources/db/migration/V5__add_refresh_session_families.sql,新增,建立user_sessions refresh_session_credentials及session_security_audits,Codex,否,是,否,是,空庫與V2升級至V5測試通過
2026-08-01,20:31,REGISTRATION-LOGIN-07,API,SessionRefreshController與registration-login.yaml,新增與修改,新增POST api v1 auth session-refreshes及穩定401錯誤碼,Codex,是,否,否,否,無效過期撤銷為AUTH_SESSION_INVALID且reuse為AUTH_REFRESH_REUSE_DETECTED
2026-08-01,20:31,REGISTRATION-LOGIN-07,Frontend,frontend/lib/repositories/auth_repository.dart,修改,將暫時Credential換發切換至v1 Session Refresh API,Codex,是,否,否,否,安全Credential Store留待Task08
2026-08-01,20:31,REGISTRATION-LOGIN-07,Test,backend與frontend測試,新增與修改,TDD驗證rotation grace reuse containment期限Security Filter Migration OpenAPI及Repository,Codex,是,是,否,是,Backend單元316與MySQL31及Flutter185項 Analyze Web Build通過且PR96四項CI全綠
2026-08-01,20:31,REGISTRATION-LOGIN-07,Dependency,backend/build.gradle與SmtpEmailDeliveryAdapter,驗證,確認Spring Mail starter及SimpleMailMessage與JavaMailSender imports可乾淨編譯,Codex,否,否,否,否,無需加入重複dependency且應由IDE重新載入backend Gradle
2026-08-01,20:31,REGISTRATION-LOGIN-07,Documentation,README docs Task與Log,修改,同步Session Family契約環境設定Task07 REVIEW及一個月保存期限,Codex,是,是,否,是,Draft PR #96四項CI全綠且截止2026-07-01無過期紀錄
2026-08-01,19:48,REGISTRATION-LOGIN-06-CI,Frontend,frontend/lib/pages/eligibility_page.dart,修改,改用Flutter 3.29.2支援的DropdownButtonFormField value,Codex,否,否,否,否,行為不變且新版Analyze使用範圍化棄用說明
2026-08-01,19:48,REGISTRATION-LOGIN-06-CI,Test,frontend test與analyze,驗證,Eligibility targeted與Flutter完整回歸測試及Analyze,Codex,否,否,是,否,本機185項通過且Draft PR #95四個CI全綠
2026-08-01,19:48,REGISTRATION-LOGIN-06-CI,Documentation,REGISTRATION_LOGIN_TASKS.md與Log,修改,記錄PR94 Flutter 3.29.2失敗根因與相容修正,Codex,否,否,否,否,Draft PR #95已建立且Task06維持REVIEW待合併
2026-08-01,18:19,REGISTRATION-LOGIN-06,Backend,backend/src/main/java/com/monsters/service/eligibility與security,新增與修改,建立Eligibility Guardian單次連結與即時會員狀態限制,Codex,是,是,否,是,Token只存SHA-256且Outbox不含PII
2026-08-01,18:19,REGISTRATION-LOGIN-06,Database,backend/src/main/resources/db/migration/V4__add_eligibility_and_guardian_consent.sql,新增,建立資格社群資格Guardian同意與Token資料結構,Codex,否,是,否,是,既有ACTIVE安全回填且社群維持INELIGIBLE
2026-08-01,18:19,REGISTRATION-LOGIN-06,Email,application.yml與SmtpEmailDeliveryAdapter,修改,指定Resend SMTP並加入Guardian同意撤回信件,Codex,否,否,否,否,587 STARTTLS且API Key僅由Secret注入
2026-08-01,18:19,REGISTRATION-LOGIN-06,Frontend,frontend/lib/pages與repositories routes,新增與修改,完成Eligibility Guardian同意撤回與無主畫面捲動導流,Codex,是,否,是,否,文件只在彈窗內容區捲動
2026-08-01,18:19,REGISTRATION-LOGIN-06,Test,backend與frontend測試,新增與修改,驗證年齡暱稱Security Filter MySQL交易Guardian與三平台畫面,Codex,是,是,是,否,Backend311加29且Flutter185與雙平台build通過
2026-08-01,18:19,REGISTRATION-LOGIN-06,Documentation,README docs與OpenAPI,修改,同步Eligibility Guardian Resend契約與Task狀態,Codex,是,是,是,是,Draft PR #94且Task06進入REVIEW
2026-08-01,18:19,REGISTRATION-LOGIN-06,Documentation,log/CHANGE_LOG.md與log/CHANGE_HISTORY.csv,修改,新增工作報告並清除一個月前紀錄,Codex,否,否,否,否,刪除9個Markdown區段與65筆CSV且XLSX無資料
2026-07-31,16:32,REGISTRATION-LOGIN-05-CI,Frontend,frontend/lib/pages/login_page.dart,修改,縮減平板viewport垂直留白以保留Linux CI下48px按鈕高度,Codex,否,否,是,否,主畫面維持無捲動且完整直接顯示
2026-07-31,16:32,REGISTRATION-LOGIN-05-CI,Test,frontend/test/login_page_test.dart,驗證,登入頁20項responsive與靜態檢查通過,Codex,否,否,是,否,涵蓋CI失敗的900x700尺寸
2026-07-31,16:32,REGISTRATION-LOGIN-05-CI,Documentation,log/CHANGE_LOG.md與log/CHANGE_HISTORY.csv,修改,記錄CI審查修正與保存期限結果,Codex,否,否,否,否,截止2026-06-30無過期Log且XLSX未修改
2026-07-31,16:22,REGISTRATION-LOGIN-05,Backend,controller dto AuthService SecurityConfig,新增與修改,建立v1 Verified Email登入並保留legacy account migration endpoint,Codex,是,否,否,否,新舊endpoint共用密碼驗證與會員狀態continuation
2026-07-31,16:22,REGISTRATION-LOGIN-05,API,docs/openapi/registration-login.yaml與API_SPEC,修改,正式v1只收Email且authenticated member不含account與內部userId,Codex,是,否,否,否,無效憑證與不可揭露狀態統一AUTH_INVALID_CREDENTIALS
2026-07-31,16:22,REGISTRATION-LOGIN-05,Migration,AuthService與DATABASE_SPEC,修改,expand期間保留舊Email或account端點且新註冊account維持NULL,Codex,是,否,否,否,Task18觀測完成後才contract移除
2026-07-31,16:22,REGISTRATION-LOGIN-05,Frontend,models auth provider repository login_page,修改,改走v1 Email-only並移除登入主畫面捲動與account資料模型,Codex,是,否,是,否,AUTH_INVALID_CREDENTIALS映射繁體中文
2026-07-31,16:22,REGISTRATION-LOGIN-05,Design,Penpot APP與WEB登入畫板,修改,同步Email欄位範例並確認390x844與1440x900完整顯示,Codex,否,否,是,否,主畫面無捲動
2026-07-31,16:22,REGISTRATION-LOGIN-05,Test,backend與frontend測試,新增與修改,TDD驗證精確Email狀態分流舊account共存無捲動與responsive,Codex,是,是,是,否,Backend301 MySQL28 Flutter184 Analyze Web與Android build通過
2026-07-31,16:22,REGISTRATION-LOGIN-05,Documentation,README正式規格Task與Log,修改,同步API Database UI account expand與一個月Log保存期限,Codex,是,是,是,否,最早2026-06-30無過期Log且XLSX未修改
2026-07-31,14:40,REGISTRATION-LOGIN-04,Backend,backend/src/main/java/com/monsters/security/password 與 auth,新增與修改,建立Unicode密碼政策Argon2id雜湊與成功登入BCrypt漸進遷移,Codex,是,否,否,否,Argon2id m19456 t2 p1且失敗登入不改hash
2026-07-31,14:40,REGISTRATION-LOGIN-04,Security,backend/src/main/resources/security 與 backend/build.gradle,新增與修改,加入Bouncy Castle 1.84及SecLists 2026.1版本化本機SHA256 blocklist,Codex,否,否,否,否,保存來源授權checksum且不保存命中內容至Log
2026-07-31,14:40,REGISTRATION-LOGIN-04,API,DTO GlobalExceptionHandler OpenAPI,修改,同步15至128 Unicode NFC不trim與穩定password field error key,Codex,是,否,否,否,Endpoint與成功response不變
2026-07-31,14:40,REGISTRATION-LOGIN-04,Frontend,frontend/lib core network providers register_page,修改,同步Unicode長度錯誤並移除註冊主畫面捲動及新增政策彈窗,Codex,是,否,是,否,只有Terms與Privacy彈窗內容區顯示scrollbar
2026-07-31,14:40,REGISTRATION-LOGIN-04,Test,backend/src/test backend/src/integrationTest frontend/test,新增與修改,TDD驗證邊界Emoji空白弱密碼Argon2idBCrypt遷移與無捲動版面,Codex,是,是,是,否,Backend294 MySQL27 Flutter181與Analyze通過
2026-07-31,14:40,REGISTRATION-LOGIN-04,Documentation,docs正式規格Decision Task與OpenAPI,修改,同步密碼契約blocklist來源Argon參數與全域主畫面不捲動規則,Codex,是,是,是,否,Task03轉DONE且Task04轉REVIEW
2026-07-31,14:40,REGISTRATION-LOGIN-04,Documentation,log/CHANGE_LOG.md與log/CHANGE_HISTORY.csv,修改,新增Task04工作報告與一個月保存期限檢查,Codex,否,否,否,否,最早紀錄2026-06-30無過期Log且XLSX未修改
2026-07-31,14:40,REGISTRATION-LOGIN-04-REVIEW,Backend,PasswordHashService與PasswordHashServiceTest,修改,登入雜湊前拒絕超過128 Unicode code points並保留128 Emoji邊界,Codex,否,否,否,否,避免超大輸入進入高成本Argon2id或BCrypt比對
2026-07-31,14:40,REGISTRATION-LOGIN-04-REVIEW,Test,AuthMemberHttpIntegrationTest與register_page_test.dart,修改,補齊HTTP與Flutter的14 15 128 129 Unicode邊界驗收,Codex,是,是,是,否,Backend與Flutter共用相同code point邊界
2026-07-31,14:40,REGISTRATION-LOGIN-04-REVIEW,Frontend,register_page.dart與Widget tests,修改,移除Client raw runes政策判定並補齊responsive及無障礙條款操作,Codex,是,否,是,否,NFC長度blocklist由Backend唯一判定且Flutter映射穩定錯誤鍵
2026-07-31,14:40,REGISTRATION-LOGIN-04-REVIEW,Documentation,API Database與blocklist NOTICE,修改,清除8至72與BCrypt only舊敘述並新增產物checksum,Codex,是,否,否,否,正式文件與實作一致
